Wall time,Step,Value
1679989446.26315,0,61.70000076293945
1679991806.800274,50,84.30000305175781
1679994186.468004,100,96.0999984741211
1679996555.985634,150,95.69999694824219
1679998994.50353,200,85.5999984741211
1680001460.357941,250,95.4000015258789
1680004006.488332,300,97.19999694824219
1680006666.249987,350,99.0
1680009301.617191,400,99.4000015258789
1680011809.255567,450,99.0
1680014373.059502,500,98.5999984741211
1680016958.135086,550,99.19999694824219
1680019602.197965,600,96.5999984741211
1680022279.984135,650,97.30000305175781
1680024972.444211,700,98.69999694824219
1680027651.827372,750,96.5
1680030338.796084,800,97.9000015258789
1680033036.241428,850,98.5999984741211
1680035712.254114,900,98.80000305175781
