Wall time,Step,Value
1680191086.685394,0,84.0
1680192217.691118,20,92.0
1680193407.077731,40,84.0
1680194588.456444,60,89.0
1680195778.90329,80,96.0
1680196940.97527,100,86.0
1680198122.273031,120,94.0
1680199280.439656,140,87.0
1680200433.585522,160,90.0
1680201585.211263,180,82.0
1680202742.39429,200,89.0
1680203902.677515,220,88.0
1680205063.151752,240,80.0
1680206308.812019,260,91.0
1680207638.28283,280,87.0
1680208861.685611,300,90.0
1680210080.173998,320,91.0
1680211268.12553,340,89.0
1680212458.225818,360,86.0
1680213656.067001,380,82.0
1680214857.738971,400,95.0
1680216056.413693,420,92.0
1680217260.807539,440,94.0
1680218454.547246,460,94.0
1680219651.896854,480,89.0
1680220860.954158,500,86.0
1680222080.299879,520,91.0
1680223288.775734,540,89.0
1680224501.988449,560,96.0
1680225693.671244,580,91.0
1680226912.449957,600,94.0
1680228148.94176,620,88.0
1680229363.688818,640,85.0
1680230568.965197,660,83.0
1680231780.445395,680,95.0
1680232994.335952,700,90.0
1680234204.011985,720,96.0
1680235426.338397,740,93.0
1680236646.028325,760,94.0
1680237864.834962,780,93.0
1680239095.198344,800,91.0
1680240302.299855,820,91.0
1680241519.712209,840,88.0
1680242742.284667,860,98.0
1680243968.366548,880,92.0
1680245183.970404,900,90.0
1680246382.882378,920,92.0
1680247609.75246,940,87.0
1680248842.750857,960,90.0
1680250075.486214,980,92.0
1680251292.397069,1000,94.0
